{
  "yolox-n": {
    "precision": 0.333442,
    "recall": 0.488575,
    "mAP50-95": 0.333442,
    "mAP50": 0.505705,
    "mAP75": 0.319152,
    "precision(B)": 0.333442,
    "recall(B)": 0.488575,
    "mAP50(B)": 0.505705,
    "mAP50-95(B)": 0.333442,
    "mAP_small": 0.126357,
    "mAP_medium": 0.285795,
    "mAP_large": 0.526771,
    "AR1": 0.281955,
    "AR10": 0.448803,
    "AR100": 0.488575,
    "AR_small": 0.169655,
    "AR_medium": 0.482143,
    "AR_large": 0.652088,
    "_elapsed_s": 2.0
  },
  "yolo9-t": {
    "precision": 0.467415,
    "recall": 0.600777,
    "mAP50-95": 0.467415,
    "mAP50": 0.619964,
    "mAP75": 0.514651,
    "precision(B)": 0.467415,
    "recall(B)": 0.600777,
    "mAP50(B)": 0.619964,
    "mAP50-95(B)": 0.467415,
    "mAP_small": 0.178372,
    "mAP_medium": 0.492992,
    "mAP_large": 0.654327,
    "AR1": 0.375261,
    "AR10": 0.56555,
    "AR100": 0.600777,
    "AR_small": 0.286463,
    "AR_medium": 0.625568,
    "AR_large": 0.754552,
    "_elapsed_s": 2.2
  }
}
