{
  "yolox-n": {
    "precision": 0.333452,
    "recall": 0.488474,
    "mAP50-95": 0.333452,
    "mAP50": 0.505943,
    "mAP75": 0.319151,
    "precision(B)": 0.333452,
    "recall(B)": 0.488474,
    "mAP50(B)": 0.505943,
    "mAP50-95(B)": 0.333452,
    "mAP_small": 0.126271,
    "mAP_medium": 0.28579,
    "mAP_large": 0.526804,
    "AR1": 0.281955,
    "AR10": 0.448702,
    "AR100": 0.488474,
    "AR_small": 0.169228,
    "AR_medium": 0.482143,
    "AR_large": 0.652361,
    "_elapsed_s": 1.7
  },
  "yolo9-t": {
    "precision": 0.467444,
    "recall": 0.600878,
    "mAP50-95": 0.467444,
    "mAP50": 0.620123,
    "mAP75": 0.514651,
    "precision(B)": 0.467444,
    "recall(B)": 0.600878,
    "mAP50(B)": 0.620123,
    "mAP50-95(B)": 0.467444,
    "mAP_small": 0.178398,
    "mAP_medium": 0.492992,
    "mAP_large": 0.654327,
    "AR1": 0.375261,
    "AR10": 0.565374,
    "AR100": 0.600878,
    "AR_small": 0.286463,
    "AR_medium": 0.625568,
    "AR_large": 0.754825,
    "_elapsed_s": 1.9
  }
}
